Workbook

Sheet 발전소_2026
A1: ⚡ 발전소별 월간운영 실적 (2026)
A2: 🔥 Power Plant Monthly Operations Dashboard — Generation · Capacity Factor · Emissions
A4: 월 | B4: 발전소명 | C4: 사업유형 | D4: 설비용량(MW) | E4: 발전량(MWh) | F4: 가동률(%) | G4: 연료소비(TJ) | H4: 온실가스(tCO₂) | I4: 단위연료(MJ/kWh) | J4: 효율등급 | K4: 주요이슈 | L4: 운영상태
A5: 2026-01 | B5: 인천LNG 1호기 | C5: LNG | D5: 500 | E5: 315000 | F5: 86.5 | G5: 2356 | H5: 120330 | I5: =IFERROR(G5*1000/E5*1000,0) -> 7479.3651 | J5: =IF(F5>=95,"S",IF(F5>=85,"A",IF(F5>=70,"B",IF(F5>=50,"C","D")))) -> A | K5: 동절기 가동 | L5: 초과가동
A6: 2026-01 | B6: 인천LNG 2호기 | C6: LNG | D6: 500 | E6: 329000 | F6: 90.3 | G6: 2461 | H6: 125678 | I6: =IFERROR(G6*1000/E6*1000,0) -> 7480.2432 | J6: =IF(F6>=95,"S",IF(F6>=85,"A",IF(F6>=70,"B",IF(F6>=50,"C","D")))) -> A | K6: 정상가동 | L6: 정상
A7: 2026-01 | B7: 인천LNG 3호기 | C7: LNG | D7: 512 | E7: 344000 | F7: 92.1 | G7: 2573 | H7: 131408 | I7: =IFERROR(G7*1000/E7*1000,0) -> 7479.6512 | J7: =IF(F7>=95,"S",IF(F7>=85,"A",IF(F7>=70,"B",IF(F7>=50,"C","D")))) -> A | K7: 여름 진입 | L7: 초과가동
A8: 2026-01 | B8: 인천LNG 4호기 | C8: LNG | D8: 500 | E8: 323000 | F8: 88.7 | G8: 2416 | H8: 123386 | I8: =IFERROR(G8*1000/E8*1000,0) -> 7479.8762 | J8: =IF(F8>=95,"S",IF(F8>=85,"A",IF(F8>=70,"B",IF(F8>=50,"C","D")))) -> A | K8: 여름 진입 | L8: 초과가동
A9: 2026-01 | B9: 인천LNG 5호기 | C9: LNG | D9: 500 | E9: 334000 | F9: 91.7 | G9: 2498 | H9: 127588 | I9: =IFERROR(G9*1000/E9*1000,0) -> 7479.0419 | J9: =IF(F9>=95,"S",IF(F9>=85,"A",IF(F9>=70,"B",IF(F9>=50,"C","D")))) -> A | K9: 수요 정점 | L9: 안정
A10: 2026-01 | B10: 광양LNG 1호기 | C10: LNG | D10: 480 | E10: 311000 | F10: 88.8 | G10: 2326 | H10: 118802 | I10: =IFERROR(G10*1000/E10*1000,0) -> 7479.0997 | J10: =IF(F10>=95,"S",IF(F10>=85,"A",IF(F10>=70,"B",IF(F10>=50,"C","D")))) -> A | L10: 안정
A11: 2026-01 | B11: 광양LNG 2호기 | C11: LNG | D11: 480 | E11: 302000 | F11: 86.3 | G11: 2259 | H11: 115364 | I11: =IFERROR(G11*1000/E11*1000,0) -> 7480.1325 | J11: =IF(F11>=95,"S",IF(F11>=85,"A",IF(F11>=70,"B",IF(F11>=50,"C","D")))) -> A | K11: 혹서기 정점 | L11: 정상
A12: 2026-01 | B12: 광양LNG 3호기 | C12: LNG | D12: 495 | E12: 321000 | F12: 88.9 | G12: 2401 | H12: 122622 | I12: =IFERROR(G12*1000/E12*1000,0) -> 7479.7508 | J12: =IF(F12>=95,"S",IF(F12>=85,"A",IF(F12>=70,"B",IF(F12>=50,"C","D")))) -> A | K12: 기저부하 운영 | L12: 최적운영
A13: 2026-01 | B13: 광양LNG 4호기 | C13: LNG | D13: 500 | E13: 330000 | F13: 90.5 | G13: 2468 | H13: 126060 | I13: =IFERROR(G13*1000/E13*1000,0) -> 7478.7879 | J13: =IF(F13>=95,"S",IF(F13>=85,"A",IF(F13>=70,"B",IF(F13>=50,"C","D")))) -> A | K13: 정기점검 완료 | L13: 정기점검
A14: 2026-01 | B14: 평택LNG 1호기 | C14: LNG | D14: 520 | E14: 332000 | F14: 87.5 | G14: 2483 | H14: 126824 | I14: =IFERROR(G14*1000/E14*1000,0) -> 7478.9157 | J14: =IF(F14>=95,"S",IF(F14>=85,"A",IF(F14>=70,"B",IF(F14>=50,"C","D")))) -> A | K14: 혹한기 정점 | L14: 정기점검
A15: 2026-01 | B15: 평택LNG 2호기 | C15: LNG | D15: 520 | E15: 352000 | F15: 92.8 | G15: 2633 | H15: 134464 | I15: =IFERROR(G15*1000/E15*1000,0) -> 7480.1136 | J15: =IF(F15>=95,"S",IF(F15>=85,"A",IF(F15>=70,"B",IF(F15>=50,"C","D")))) -> A | K15: 동절기 가동 | L15: 정상
A16: 2026-01 | B16: 평택LNG 3호기 | C16: LNG | D16: 530 | E16: 351000 | F16: 90.8 | G16: 2625 | H16: 134082 | I16: =IFERROR(G16*1000/E16*1000,0) -> 7478.6325 | J16: =IF(F16>=95,"S",IF(F16>=85,"A",IF(F16>=70,"B",IF(F16>=50,"C","D")))) -> A | K16: 정상가동 | L16: 초과가동
A17: 2026-01 | B17: 보령LNG 1호기 | C17: LNG | D17: 510 | E17: 333000 | F17: 89.5 | G17: 2491 | H17: 127206 | I17: =IFERROR(G17*1000/E17*1000,0) -> 7480.4805 | J17: =IF(F17>=95,"S",IF(F17>=85,"A",IF(F17>=70,"B",IF(F17>=50,"C","D")))) -> A | K17: 혹서기 정점 | L17: 최적운영
A18: 2026-01 | B18: 보령LNG 2호기 | C18: LNG | D18: 510 | E18: 322000 | F18: 86.7 | G18: 2409 | H18: 123004 | I18: =IFERROR(G18*1000/E18*1000,0) -> 7481.3665 | J18: =IF(F18>=95,"S",IF(F18>=85,"A",IF(F18>=70,"B",IF(F18>=50,"C","D")))) -> A | K18: 기저부하 운영 | L18: 안정
A19: 2026-01 | B19: 동해LNG 1호기 | C19: LNG | D19: 495 | E19: 317000 | F19: 87.9 | G19: 2371 | H19: 121094 | I19: =IFERROR(G19*1000/E19*1000,0) -> 7479.4953 | J19: =IF(F19>=95,"S",IF(F19>=85,"A",IF(F19>=70,"B",IF(F19>=50,"C","D")))) -> A | K19: 안정 가동 | L19: 정상
A20: 2026-01 | B20: PT.KPE | C20: 부생가스 | D20: 200 | E20: 125000 | F20: 86.2 | G20: 928 | H20: 37625 | I20: =IFERROR(G20*1000/E20*1000,0) -> 7424 | J20: =IF(F20>=95,"S",IF(F20>=85,"A",IF(F20>=70,"B",IF(F20>=50,"C","D")))) -> A | K20: 정상 가동 | L20: 정상
A21: 2026-01 | B21: PT.KPE 2호기 | C21: 부생가스 | D21: 220 | E21: 138000 | F21: 86.4 | G21: 1024 | H21: 41538 | I21: =IFERROR(G21*1000/E21*1000,0) -> 7420.2899 | J21: =IF(F21>=95,"S",IF(F21>=85,"A",IF(F21>=70,"B",IF(F21>=50,"C","D")))) -> A | K21: 효율 개선 | L21: 초과가동
A22: 2026-01 | B22: 신안 해상풍력 1단계 | C22: 재생 | D22: 147 | E22: 41000 | F22: 38.5 | G22: 0 | H22: 0 | I22: 0 | J22: =IF(F22>=95,"S",IF(F22>=85,"A",IF(F22>=70,"B",IF(F22>=50,"C","D")))) -> D | K22: 여름 풍속 약화 | L22: 정기점검
A23: 2026-01 | B23: 신안 해상풍력 2단계 | C23: 재생 | D23: 320 | E23: 90000 | F23: 38.6 | G23: 0 | H23: 0 | I23: 0 | J23: =IF(F23>=95,"S",IF(F23>=85,"A",IF(F23>=70,"B",IF(F23>=50,"C","D")))) -> D | K23: ESS 연계 | L23: 최적운영
A24: 2026-01 | B24: 영덕 해상풍력 | C24: 재생 | D24: 250 | E24: 68000 | F24: 37.3 | G24: 0 | H24: 0 | I24: 0 | J24: =IF(F24>=95,"S",IF(F24>=85,"A",IF(F24>=70,"B",IF(F24>=50,"C","D")))) -> D | K24: REC 인증 갱신 | L24: 정상
A25: 2026-01 | B25: 제주 해상풍력 | C25: 재생 | D25: 180 | E25: 55000 | F25: 42.5 | G25: 0 | H25: 0 | I25: 0 | J25: =IF(F25>=95,"S",IF(F25>=85,"A",IF(F25>=70,"B",IF(F25>=50,"C","D")))) -> D | K25: ESS 연계 | L25: 최적운영
A26: 2026-01 | B26: 강원 육상풍력 | C26: 재생 | D26: 95 | E26: 26000 | F26: 38.6 | G26: 0 | H26: 0 | I26: 0 | J26: =IF(F26>=95,"S",IF(F26>=85,"A",IF(F26>=70,"B",IF(F26>=50,"C","D")))) -> D | L26: 안정
A27: 2026-01 | B27: 울주 태양광 | C27: 재생 | D27: 32 | E27: 1000 | F27: 6.6 | G27: 0 | H27: 0 | I27: 0 | J27: =IF(F27>=95,"S",IF(F27>=85,"A",IF(F27>=70,"B",IF(F27>=50,"C","D")))) -> D | K27: 겨울 풍속 양호 | L27: 정상
A28: 2026-01 | B28: 새만금 태양광 | C28: 재생 | D28: 220 | E28: 13000 | F28: 8.2 | G28: 0 | H28: 0 | I28: 0 | J28: =IF(F28>=95,"S",IF(F28>=85,"A",IF(F28>=70,"B",IF(F28>=50,"C","D")))) -> D | K28: REC 인증 갱신 | L28: 정상
A29: 2026-01 | B29: 영광 태양광 | C29: 재생 | D29: 85 | E29: 4000 | F29: 7.7 | G29: 0 | H29: 0 | I29: 0 | J29: =IF(F29>=95,"S",IF(F29>=85,"A",IF(F29>=70,"B",IF(F29>=50,"C","D")))) -> D | K29: 가을 풍속 회복 | L29: 최적운영
A30: 2026-01 | B30: 군산 태양광 | C30: 재생 | D30: 60 | E30: 2000 | F30: 6.4 | G30: 0 | H30: 0 | I30: 0 | J30: =IF(F30>=95,"S",IF(F30>=85,"A",IF(F30>=70,"B",IF(F30>=50,"C","D")))) -> D | K30: 일조량 정점 | L30: 정상
A31: 2026-01 | B31: 해남 태양광 | C31: 재생 | D31: 75 | E31: 4000 | F31: 7.5 | G31: 0 | H31: 0 | I31: 0 | J31: =IF(F31>=95,"S",IF(F31>=85,"A",IF(F31>=70,"B",IF(F31>=50,"C","D")))) -> D | K31: 신규 가동 | L31: 최적운영
A32: 2026-01 | B32: 서산 수소혼소 1호기 | C32: 수소혼소 | D32: 460 | E32: 276000 | F32: 82.5 | G32: 1891 | H32: 73140 | I32: =IFERROR(G32*1000/E32*1000,0) -> 6851.4493 | J32: =IF(F32>=95,"S",IF(F32>=85,"A",IF(F32>=70,"B",IF(F32>=50,"C","D")))) -> B | K32: 혼소율 상향 | L32: 정상
A33: 2026-01 | B33: 서산 수소혼소 2호기 | C33: 수소혼소 | D33: 460 | E33: 273000 | F33: 81.5 | G33: 1870 | H33: 72345 | I33: =IFERROR(G33*1000/E33*1000,0) -> 6849.8168 | J33: =IF(F33>=95,"S",IF(F33>=85,"A",IF(F33>=70,"B",IF(F33>=50,"C","D")))) -> B | K33: 탄소저감 18% | L33: 초과가동
A34: 2026-01 | B34: 인천 ESS 1호기 | C34: ESS | D34: 80 | E34: 25000 | F34: 44.1 | G34: 0 | H34: 0 | I34: 0 | J34: =IF(F34>=95,"S",IF(F34>=85,"A",IF(F34>=70,"B",IF(F34>=50,"C","D")))) -> D | K34: 안전점검 완료 | L34: 최적운영
A35: 2026-01 | B35: 인천 ESS 2호기 | C35: ESS | D35: 80 | E35: 25000 | F35: 44.2 | G35: 0 | H35: 0 | I35: 0 | J35: =IF(F35>=95,"S",IF(F35>=85,"A",IF(F35>=70,"B",IF(F35>=50,"C","D")))) -> D | K35: 충방전 99.2% | L35: 정기점검
A36: 2026-01 | B36: 평택 ESS | C36: ESS | D36: 100 | E36: 27000 | F36: 37.8 | G36: 0 | H36: 0 | I36: 0 | J36: =IF(F36>=95,"S",IF(F36>=85,"A",IF(F36>=70,"B",IF(F36>=50,"C","D")))) -> D | K36: REC 발급 완료 | L36: 정상
A37: 2026-02 | B37: 인천LNG 1호기 | C37: LNG | D37: 500 | E37: 304000 | F37: 83.5 | G37: 2274 | H37: 116128 | I37: =IFERROR(G37*1000/E37*1000,0) -> 7480.2632 | J37: =IF(F37>=95,"S",IF(F37>=85,"A",IF(F37>=70,"B",IF(F37>=50,"C","D")))) -> B | K37: 기저부하 운영 | L37: 안정
A38: 2026-02 | B38: 인천LNG 2호기 | C38: LNG | D38: 500 | E38: 328000 | F38: 89.9 | G38: 2453 | H38: 125296 | I38: =IFERROR(G38*1000/E38*1000,0) -> 7478.6585 | J38: =IF(F38>=95,"S",IF(F38>=85,"A",IF(F38>=70,"B",IF(F38>=50,"C","D")))) -> A | K38: 동절기 가동 | L38: 최적운영
A39: 2026-02 | B39: 인천LNG 3호기 | C39: LNG | D39: 512 | E39: 320000 | F39: 85.7 | G39: 2394 | H39: 122240 | I39: =IFERROR(G39*1000/E39*1000,0) -> 7481.25 | J39: =IF(F39>=95,"S",IF(F39>=85,"A",IF(F39>=70,"B",IF(F39>=50,"C","D")))) -> A | K39: 정기점검 완료 | L39: 정상
A40: 2026-02 | B40: 인천LNG 4호기 | C40: LNG | D40: 500 | E40: 321000 | F40: 88 | G40: 2401 | H40: 122622 | I40: =IFERROR(G40*1000/E40*1000,0) -> 7479.7508 | J40: =IF(F40>=95,"S",IF(F40>=85,"A",IF(F40>=70,"B",IF(F40>=50,"C","D")))) -> A | K40: 수요 정점 | L40: 초과가동
A41: 2026-02 | B41: 인천LNG 5호기 | C41: LNG | D41: 500 | E41: 323000 | F41: 88.5 | G41: 2416 | H41: 123386 | I41: =IFERROR(G41*1000/E41*1000,0) -> 7479.8762 | J41: =IF(F41>=95,"S",IF(F41>=85,"A",IF(F41>=70,"B",IF(F41>=50,"C","D")))) -> A | K41: 수요 정점 | L41: 정기점검
A42: 2026-02 | B42: 광양LNG 1호기 | C42: LNG | D42: 480 | E42: 305000 | F42: 87.1 | G42: 2281 | H42: 116510 | I42: =IFERROR(G42*1000/E42*1000,0) -> 7478.6885 | J42: =IF(F42>=95,"S",IF(F42>=85,"A",IF(F42>=70,"B",IF(F42>=50,"C","D")))) -> A | L42: 정상
A43: 2026-02 | B43: 광양LNG 2호기 | C43: LNG | D43: 480 | E43: 299000 | F43: 85.4 | G43: 2237 | H43: 114218 | I43: =IFERROR(G43*1000/E43*1000,0) -> 7481.6054 | J43: =IF(F43>=95,"S",IF(F43>=85,"A",IF(F43>=70,"B",IF(F43>=50,"C","D")))) -> A | K43: 정상가동 | L43: 최적운영
A44: 2026-02 | B44: 광양LNG 3호기 | C44: LNG | D44: 495 | E44: 318000 | F44: 88 | G44: 2379 | H44: 121476 | I44: =IFERROR(G44*1000/E44*1000,0) -> 7481.1321 | J44: =IF(F44>=95,"S",IF(F44>=85,"A",IF(F44>=70,"B",IF(F44>=50,"C","D")))) -> A | K44: 동절기 가동 | L44: 정상
A45: 2026-02 | B45: 광양LNG 4호기 | C45: LNG | D45: 500 | E45: 315000 | F45: 86.4 | G45: 2356 | H45: 120330 | I45: =IFERROR(G45*1000/E45*1000,0) -> 7479.3651 | J45: =IF(F45>=95,"S",IF(F45>=85,"A",IF(F45>=70,"B",IF(F45>=50,"C","D")))) -> A | K45: 최적운영 | L45: 정기점검
A46: 2026-02 | B46: 평택LNG 1호기 | C46: LNG | D46: 520 | E46: 338000 | F46: 89.1 | G46: 2528 | H46: 129116 | I46: =IFERROR(G46*1000/E46*1000,0) -> 7479.2899 | J46: =IF(F46>=95,"S",IF(F46>=85,"A",IF(F46>=70,"B",IF(F46>=50,"C","D")))) -> A | K46: 수요 정점 | L46: 정상
A47: 2026-02 | B47: 평택LNG 2호기 | C47: LNG | D47: 520 | E47: 333000 | F47: 87.7 | G47: 2491 | H47: 127206 | I47: =IFERROR(G47*1000/E47*1000,0) -> 7480.4805 | J47: =IF(F47>=95,"S",IF(F47>=85,"A",IF(F47>=70,"B",IF(F47>=50,"C","D")))) -> A | K47: 수요 정점 | L47: 정상
A48: 2026-02 | B48: 평택LNG 3호기 | C48: LNG | D48: 530 | E48: 324000 | F48: 83.9 | G48: 2424 | H48: 123768 | I48: =IFERROR(G48*1000/E48*1000,0) -> 7481.4815 | J48: =IF(F48>=95,"S",IF(F48>=85,"A",IF(F48>=70,"B",IF(F48>=50,"C","D")))) -> B | K48: 안정 가동 | L48: 정기점검
A49: 2026-02 | B49: 보령LNG 1호기 | C49: LNG | D49: 510 | E49: 313000 | F49: 84.2 | G49: 2341 | H49: 119566 | I49: =IFERROR(G49*1000/E49*1000,0) -> 7479.2332 | J49: =IF(F49>=95,"S",IF(F49>=85,"A",IF(F49>=70,"B",IF(F49>=50,"C","D")))) -> B | L49: 정상
A50: 2026-02 | B50: 보령LNG 2호기 | C50: LNG | D50: 510 | E50: 309000 | F50: 83.2 | G50: 2311 | H50: 118038 | I50: =IFERROR(G50*1000/E50*1000,0) -> 7478.9644 | J50: =IF(F50>=95,"S",IF(F50>=85,"A",IF(F50>=70,"B",IF(F50>=50,"C","D")))) -> B | K50: 여름 진입 | L50: 초과가동
A51: 2026-02 | B51: 동해LNG 1호기 | C51: LNG | D51: 495 | E51: 324000 | F51: 89.7 | G51: 2424 | H51: 123768 | I51: =IFERROR(G51*1000/E51*1000,0) -> 7481.4815 | J51: =IF(F51>=95,"S",IF(F51>=85,"A",IF(F51>=70,"B",IF(F51>=50,"C","D")))) -> A | K51: 정상가동 | L51: 안정
A52: 2026-02 | B52: PT.KPE | C52: 부생가스 | D52: 200 | E52: 130000 | F52: 89.2 | G52: 965 | H52: 39130 | I52: =IFERROR(G52*1000/E52*1000,0) -> 7423.0769 | J52: =IF(F52>=95,"S",IF(F52>=85,"A",IF(F52>=70,"B",IF(F52>=50,"C","D")))) -> A | K52: POSCO 연계 | L52: 정상
A53: 2026-02 | B53: PT.KPE 2호기 | C53: 부생가스 | D53: 220 | E53: 141000 | F53: 88 | G53: 1046 | H53: 42441 | I53: =IFERROR(G53*1000/E53*1000,0) -> 7418.4397 | J53: =IF(F53>=95,"S",IF(F53>=85,"A",IF(F53>=70,"B",IF(F53>=50,"C","D")))) -> A | K53: 효율 개선 | L53: 정상
A54: 2026-02 | B54: 신안 해상풍력 1단계 | C54: 재생 | D54: 147 | E54: 41000 | F54: 38.6 | G54: 0 | H54: 0 | I54: 0 | J54: =IF(F54>=95,"S",IF(F54>=85,"A",IF(F54>=70,"B",IF(F54>=50,"C","D")))) -> D | K54: 태풍 영향 | L54: 정상
A55: 2026-02 | B55: 신안 해상풍력 2단계 | C55: 재생 | D55: 320 | E55: 73000 | F55: 31.3 | G55: 0 | H55: 0 | I55: 0 | J55: =IF(F55>=95,"S",IF(F55>=85,"A",IF(F55>=70,"B",IF(F55>=50,"C","D")))) -> D | K55: ESS 연계 | L55: 안정
A56: 2026-02 | B56: 영덕 해상풍력 | C56: 재생 | D56: 250 | E56: 72000 | F56: 39.7 | G56: 0 | H56: 0 | I56: 0 | J56: =IF(F56>=95,"S",IF(F56>=85,"A",IF(F56>=70,"B",IF(F56>=50,"C","D")))) -> D | K56: 신규 가동 | L56: 정상
A57: 2026-02 | B57: 제주 해상풍력 | C57: 재생 | D57: 180 | E57: 48000 | F57: 37.3 | G57: 0 | H57: 0 | I57: 0 | J57: =IF(F57>=95,"S",IF(F57>=85,"A",IF(F57>=70,"B",IF(F57>=50,"C","D")))) -> D | K57: 신규 가동 | L57: 안정
A58: 2026-02 | B58: 강원 육상풍력 | C58: 재생 | D58: 95 | E58: 22000 | F58: 32.7 | G58: 0 | H58: 0 | I58: 0 | J58: =IF(F58>=95,"S",IF(F58>=85,"A",IF(F58>=70,"B",IF(F58>=50,"C","D")))) -> D | K58: ESS 연계 | L58: 초과가동
A59: 2026-02 | B59: 울주 태양광 | C59: 재생 | D59: 32 | E59: 1000 | F59: 8.2 | G59: 0 | H59: 0 | I59: 0 | J59: =IF(F59>=95,"S",IF(F59>=85,"A",IF(F59>=70,"B",IF(F59>=50,"C","D")))) -> D | K59: 가을 풍속 회복 | L59: 정상
A60: 2026-02 | B60: 새만금 태양광 | C60: 재생 | D60: 220 | E60: 15000 | F60: 9.9 | G60: 0 | H60: 0 | I60: 0 | J60: =IF(F60>=95,"S",IF(F60>=85,"A",IF(F60>=70,"B",IF(F60>=50,"C","D")))) -> D | K60: ESS 연계 | L60: 정상
A61: 2026-02 | B61: 영광 태양광 | C61: 재생 | D61: 85 | E61: 5000 | F61: 8.8 | G61: 0 | H61: 0 | I61: 0 | J61: =IF(F61>=95,"S",IF(F61>=85,"A",IF(F61>=70,"B",IF(F61>=50,"C","D")))) -> D | K61: 가을 풍속 회복 | L61: 정상
A62: 2026-02 | B62: 군산 태양광 | C62: 재생 | D62: 60 | E62: 3000 | F62: 8.9 | G62: 0 | H62: 0 | I62: 0 | J62: =IF(F62>=95,"S",IF(F62>=85,"A",IF(F62>=70,"B",IF(F62>=50,"C","D")))) -> D | K62: 일조량 정점 | L62: 정기점검
A63: 2026-02 | B63: 해남 태양광 | C63: 재생 | D63: 75 | E63: 4000 | F63: 7.5 | G63: 0 | H63: 0 | I63: 0 | J63: =IF(F63>=95,"S",IF(F63>=85,"A",IF(F63>=70,"B",IF(F63>=50,"C","D")))) -> D | K63: 여름 풍속 약화 | L63: 정기점검
A64: 2026-02 | B64: 서산 수소혼소 1호기 | C64: 수소혼소 | D64: 460 | E64: 272000 | F64: 81.2 | G64: 1863 | H64: 72080 | I64: =IFERROR(G64*1000/E64*1000,0) -> 6849.2647 | J64: =IF(F64>=95,"S",IF(F64>=85,"A",IF(F64>=70,"B",IF(F64>=50,"C","D")))) -> B | K64: 수소 30% 혼소 | L64: 정상
A65: 2026-02 | B65: 서산 수소혼소 2호기 | C65: 수소혼소 | D65: 460 | E65: 267000 | F65: 79.7 | G65: 1829 | H65: 70755 | I65: =IFERROR(G65*1000/E65*1000,0) -> 6850.1873 | J65: =IF(F65>=95,"S",IF(F65>=85,"A",IF(F65>=70,"B",IF(F65>=50,"C","D")))) -> B | K65: 수소 30% 혼소 | L65: 정상
A66: 2026-02 | B66: 인천 ESS 1호기 | C66: ESS | D66: 80 | E66: 23000 | F66: 41.1 | G66: 0 | H66: 0 | I66: 0 | J66: =IF(F66>=95,"S",IF(F66>=85,"A",IF(F66>=70,"B",IF(F66>=50,"C","D")))) -> D | K66: REC 발급 완료 | L66: 정상
A67: 2026-02 | B67: 인천 ESS 2호기 | C67: ESS | D67: 80 | E67: 23000 | F67: 40.4 | G67: 0 | H67: 0 | I67: 0 | J67: =IF(F67>=95,"S",IF(F67>=85,"A",IF(F67>=70,"B",IF(F67>=50,"C","D")))) -> D | K67: 피크저감 효율 우수 | L67: 최적운영
A68: 2026-02 | B68: 평택 ESS | C68: ESS | D68: 100 | E68: 33000 | F68: 45.7 | G68: 0 | H68: 0 | I68: 0 | J68: =IF(F68>=95,"S",IF(F68>=85,"A",IF(F68>=70,"B",IF(F68>=50,"C","D")))) -> D | K68: 안전점검 완료 | L68: 안정
A69: 2026-03 | B69: 인천LNG 1호기 | C69: LNG | D69: 500 | E69: 292000 | F69: 80.1 | G69: 2184 | H69: 111544 | I69: =IFERROR(G69*1000/E69*1000,0) -> 7479.4521 | J69: =IF(F69>=95,"S",IF(F69>=85,"A",IF(F69>=70,"B",IF(F69>=50,"C","D")))) -> B | K69: 최적운영 | L69: 안정
A70: 2026-03 | B70: 인천LNG 2호기 | C70: LNG | D70: 500 | E70: 285000 | F70: 78.3 | G70: 2132 | H70: 108870 | I70: =IFERROR(G70*1000/E70*1000,0) -> 7480.7018 | J70: =IF(F70>=95,"S",IF(F70>=85,"A",IF(F70>=70,"B",IF(F70>=50,"C","D")))) -> B | K70: 초과 가동 | L70: 안정
A71: 2026-03 | B71: 인천LNG 3호기 | C71: LNG | D71: 512 | E71: 288000 | F71: 77.2 | G71: 2154 | H71: 110016 | I71: =IFERROR(G71*1000/E71*1000,0) -> 7479.1667 | J71: =IF(F71>=95,"S",IF(F71>=85,"A",IF(F71>=70,"B",IF(F71>=50,"C","D")))) -> B | K71: 여름 진입 | L71: 정상
A72: 2026-03 | B72: 인천LNG 4호기 | C72: LNG | D72: 500 | E72: 289000 | F72: 79.3 | G72: 2162 | H72: 110398 | I72: =IFERROR(G72*1000/E72*1000,0) -> 7480.9689 | J72: =IF(F72>=95,"S",IF(F72>=85,"A",IF(F72>=70,"B",IF(F72>=50,"C","D")))) -> B | K72: 정상가동 | L72: 초과가동
A73: 2026-03 | B73: 인천LNG 5호기 | C73: LNG | D73: 500 | E73: 283000 | F73: 77.6 | G73: 2117 | H73: 108106 | I73: =IFERROR(G73*1000/E73*1000,0) -> 7480.5654 | J73: =IF(F73>=95,"S",IF(F73>=85,"A",IF(F73>=70,"B",IF(F73>=50,"C","D")))) -> B | K73: 정기점검 완료 | L73: 정상
A74: 2026-03 | B74: 광양LNG 1호기 | C74: LNG | D74: 480 | E74: 264000 | F74: 75.4 | G74: 1975 | H74: 100848 | I74: =IFERROR(G74*1000/E74*1000,0) -> 7481.0606 | J74: =IF(F74>=95,"S",IF(F74>=85,"A",IF(F74>=70,"B",IF(F74>=50,"C","D")))) -> B | K74: 동절기 가동 | L74: 정상
A75: 2026-03 | B75: 광양LNG 2호기 | C75: LNG | D75: 480 | E75: 272000 | F75: 77.9 | G75: 2035 | H75: 103904 | I75: =IFERROR(G75*1000/E75*1000,0) -> 7481.6176 | J75: =IF(F75>=95,"S",IF(F75>=85,"A",IF(F75>=70,"B",IF(F75>=50,"C","D")))) -> B | K75: 기저부하 운영 | L75: 정상
A76: 2026-03 | B76: 광양LNG 3호기 | C76: LNG | D76: 495 | E76: 282000 | F76: 78.1 | G76: 2109 | H76: 107724 | I76: =IFERROR(G76*1000/E76*1000,0) -> 7478.7234 | J76: =IF(F76>=95,"S",IF(F76>=85,"A",IF(F76>=70,"B",IF(F76>=50,"C","D")))) -> B | K76: 기저부하 운영 | L76: 정상
A77: 2026-03 | B77: 광양LNG 4호기 | C77: LNG | D77: 500 | E77: 276000 | F77: 75.9 | G77: 2064 | H77: 105432 | I77: =IFERROR(G77*1000/E77*1000,0) -> 7478.2609 | J77: =IF(F77>=95,"S",IF(F77>=85,"A",IF(F77>=70,"B",IF(F77>=50,"C","D")))) -> B | K77: 동절기 가동 | L77: 정상
A78: 2026-03 | B78: 평택LNG 1호기 | C78: LNG | D78: 520 | E78: 303000 | F78: 80 | G78: 2266 | H78: 115746 | I78: =IFERROR(G78*1000/E78*1000,0) -> 7478.5479 | J78: =IF(F78>=95,"S",IF(F78>=85,"A",IF(F78>=70,"B",IF(F78>=50,"C","D")))) -> B | K78: 동절기 가동 | L78: 정상
A79: 2026-03 | B79: 평택LNG 2호기 | C79: LNG | D79: 520 | E79: 288000 | F79: 76.1 | G79: 2154 | H79: 110016 | I79: =IFERROR(G79*1000/E79*1000,0) -> 7479.1667 | J79: =IF(F79>=95,"S",IF(F79>=85,"A",IF(F79>=70,"B",IF(F79>=50,"C","D")))) -> B | K79: 최적운영 | L79: 정기점검
A80: 2026-03 | B80: 평택LNG 3호기 | C80: LNG | D80: 530 | E80: 297000 | F80: 76.8 | G80: 2222 | H80: 113454 | I80: =IFERROR(G80*1000/E80*1000,0) -> 7481.4815 | J80: =IF(F80>=95,"S",IF(F80>=85,"A",IF(F80>=70,"B",IF(F80>=50,"C","D")))) -> B | K80: 동절기 가동 | L80: 정기점검
... A84: 2026-03 | B84: PT.KPE | C84: 부생가스 | D84: 200 | E84: 126000 | F84: 86.9 | G84: 935 | H84: 37926 | I84: =IFERROR(G84*1000/E84*1000,0) -> 7420.6349 | J84: =IF(F84>=95,"S",IF(F84>=85,"A",IF(F84>=70,"B",IF(F84>=50,"C","D")))) -> A | K84: 인니 일관제철소 | L84: 초과가동
A85: 2026-03 | B85: PT.KPE 2호기 | C85: 부생가스 | D85: 220 | E85: 139000 | F85: 87 | G85: 1031 | H85: 41839 | I85: =IFERROR(G85*1000/E85*1000,0) -> 7417.2662 | J85: =IF(F85>=95,"S",IF(F85>=85,"A",IF(F85>=70,"B",IF(F85>=50,"C","D")))) -> A | L85: 초과가동
A86: 2026-03 | B86: 신안 해상풍력 1단계 | C86: 재생 | D86: 147 | E86: 47000 | F86: 43.8 | G86: 0 | H86: 0 | I86: 0 | J86: =IF(F86>=95,"S",IF(F86>=85,"A",IF(F86>=70,"B",IF(F86>=50,"C","D")))) -> D | K86: 일조량 감소 | L86: 정상
A87: 2026-03 | B87: 신안 해상풍력 2단계 | C87: 재생 | D87: 320 | E87: 103000 | F87: 44.5 | G87: 0 | H87: 0 | I87: 0 | J87: =IF(F87>=95,"S",IF(F87>=85,"A",IF(F87>=70,"B",IF(F87>=50,"C","D")))) -> D | K87: 일조량 정점 | L87: 정상
A88: 2026-03 | B88: 영덕 해상풍력 | C88: 재생 | D88: 250 | E88: 83000 | F88: 45.7 | G88: 0 | H88: 0 | I88: 0 | J88: =IF(F88>=95,"S",IF(F88>=85,"A",IF(F88>=70,"B",IF(F88>=50,"C","D")))) -> D | K88: 신규 가동 | L88: 정상
A89: 2026-03 | B89: 제주 해상풍력 | C89: 재생 | D89: 180 | E89: 51000 | F89: 39.1 | G89: 0 | H89: 0 | I89: 0 | J89: =IF(F89>=95,"S",IF(F89>=85,"A",IF(F89>=70,"B",IF(F89>=50,"C","D")))) -> D | K89: 겨울 풍속 양호 | L89: 정상
A90: 2026-03 | B90: 강원 육상풍력 | C90: 재생 | D90: 95 | E90: 26000 | F90: 38.5 | G90: 0 | H90: 0 | I90: 0 | J90: =IF(F90>=95,"S",IF(F90>=85,"A",IF(F90>=70,"B",IF(F90>=50,"C","D")))) -> D | K90: 겨울 풍속 양호 | L90: 정상
A91: 2026-03 | B91: 울주 태양광 | C91: 재생 | D91: 32 | E91: 2000 | F91: 12.7 | G91: 0 | H91: 0 | I91: 0 | J91: =IF(F91>=95,"S",IF(F91>=85,"A",IF(F91>=70,"B",IF(F91>=50,"C","D")))) -> D | K91: ESS 연계 | L91: 초과가동
A92: 2026-03 | B92: 새만금 태양광 | C92: 재생 | D92: 220 | E92: 18000 | F92: 11.4 | G92: 0 | H92: 0 | I92: 0 | J92: =IF(F92>=95,"S",IF(F92>=85,"A",IF(F92>=70,"B",IF(F92>=50,"C","D")))) -> D | K92: ESS 연계 | L92: 정상
A93: 2026-03 | B93: 영광 태양광 | C93: 재생 | D93: 85 | E93: 7000 | F93: 12.7 | G93: 0 | H93: 0 | I93: 0 | J93: =IF(F93>=95,"S",IF(F93>=85,"A",IF(F93>=70,"B",IF(F93>=50,"C","D")))) -> D | K93: ESS 연계 | L93: 정상
A94: 2026-03 | B94: 군산 태양광 | C94: 재생 | D94: 60 | E94: 5000 | F94: 12.7 | G94: 0 | H94: 0 | I94: 0 | J94: =IF(F94>=95,"S",IF(F94>=85,"A",IF(F94>=70,"B",IF(F94>=50,"C","D")))) -> D | K94: ESS 연계 | L94: 정상
A95: 2026-03 | B95: 해남 태양광 | C95: 재생 | D95: 75 | E95: 7000 | F95: 13.1 | G95: 0 | H95: 0 | I95: 0 | J95: =IF(F95>=95,"S",IF(F95>=85,"A",IF(F95>=70,"B",IF(F95>=50,"C","D")))) -> D | K95: 겨울 풍속 양호 | L95: 정상
A96: 2026-03 | B96: 서산 수소혼소 1호기 | C96: 수소혼소 | D96: 460 | E96: 243000 | F96: 72.7 | G96: 1665 | H96: 64395 | I96: =IFERROR(G96*1000/E96*1000,0) -> 6851.8519 | J96: =IF(F96>=95,"S",IF(F96>=85,"A",IF(F96>=70,"B",IF(F96>=50,"C","D")))) -> B | K96: 수소 30% 혼소 | L96: 정기점검
A97: 2026-03 | B97: 서산 수소혼소 2호기 | C97: 수소혼소 | D97: 460 | E97: 232000 | F97: 69.2 | G97: 1589 | H97: 61480 | I97: =IFERROR(G97*1000/E97*1000,0) -> 6849.1379 | J97: =IF(F97>=95,"S",IF(F97>=85,"A",IF(F97>=70,"B",IF(F97>=50,"C","D")))) -> C | K97: 수소 30% 혼소 | L97: 정상
A98: 2026-03 | B98: 인천 ESS 1호기 | C98: ESS | D98: 80 | E98: 25000 | F98: 43.3 | G98: 0 | H98: 0 | I98: 0 | J98: =IF(F98>=95,"S",IF(F98>=85,"A",IF(F98>=70,"B",IF(F98>=50,"C","D")))) -> D | K98: 주파수 조정 운영 | L98: 정상
A99: 2026-03 | B99: 인천 ESS 2호기 | C99: ESS | D99: 80 | E99: 23000 | F99: 41 | G99: 0 | H99: 0 | I99: 0 | J99: =IF(F99>=95,"S",IF(F99>=85,"A",IF(F99>=70,"B",IF(F99>=50,"C","D")))) -> D | K99: REC 발급 완료 | L99: 안정
A100: 2026-03 | B100: 평택 ESS | C100: ESS | D100: 100 | E100: 32000 | F100: 44.5 | G100: 0 | H100: 0 | I100: 0 | J100: =IF(F100>=95,"S",IF(F100>=85,"A",IF(F100>=70,"B",IF(F100>=50,"C","D")))) -> D | K100: REC 발급 완료 | L100: 정상
A101: 2026-04 | B101: 인천LNG 1호기 | C101: LNG | D101: 500 | E101: 235000 | F101: 64.5 | G101: 1758 | H101: 89770 | I101: =IFERROR(G101*1000/E101*1000,0) -> 7480.8511 | J101: =IF(F101>=95,"S",IF(F101>=85,"A",IF(F101>=70,"B",IF(F101>=50,"C","D")))) -> C | K101: 혹서기 정점 | L101: 정상
A102: 2026-04 | B102: 인천LNG 2호기 | C102: LNG | D102: 500 | E102: 232000 | F102: 63.7 | G102: 1735 | H102: 88624 | I102: =IFERROR(G102*1000/E102*1000,0) -> 7478.4483 | J102: =IF(F102>=95,"S",IF(F102>=85,"A",IF(F102>=70,"B",IF(F102>=50,"C","D")))) -> C | K102: 혹서기 정점 | L102: 정기점검
A103: 2026-04 | B103: 인천LNG 3호기 | C103: LNG | D103: 512 | E103: 257000 | F103: 68.8 | G103: 1922 | H103: 98174 | I103: =IFERROR(G103*1000/E103*1000,0) -> 7478.5992 | J103: =IF(F103>=95,"S",IF(F103>=85,"A",IF(F103>=70,"B",IF(F103>=50,"C","D")))) -> C | L103: 정상
A104: 2026-04 | B104: 인천LNG 4호기 | C104: LNG | D104: 500 | E104: 236000 | F104: 64.9 | G104: 1765 | H104: 90152 | I104: =IFERROR(G104*1000/E104*1000,0) -> 7478.8136 | J104: =IF(F104>=95,"S",IF(F104>=85,"A",IF(F104>=70,"B",IF(F104>=50,"C","D")))) -> C | K104: 혹서기 정점 | L104: 정상
...

Sheet 📈 사업유형_요약
A1: ⚡ 사업유형별 연간 요약 (2026)
A3: 사업유형 | B3: 발전소 수 | C3: 총 설비용량(MW) | D3: 연간 발전량(MWh) | E3: 연간 온실가스(tCO₂) | F3: 평균 가동률(%)
A4: LNG | B4: 15 | C4: 7552 | D4: =SUMIF(발전소_2026!C5:C388,"LNG",발전소_2026!E5:E388) -> 55353000 | E4: =SUMIF(발전소_2026!C5:C388,"LNG",발전소_2026!H5:H388) -> 21144846 | F4: =AVERAGEIF(발전소_2026!C5:C388,"LNG",발전소_2026!F5:F388) -> 83.805556
A5: 부생가스 | B5: 2 | C5: 420 | D5: =SUMIF(발전소_2026!C5:C388,"부생가스",발전소_2026!E5:E388) -> 3201000 | E5: =SUMIF(발전소_2026!C5:C388,"부생가스",발전소_2026!H5:H388) -> 963501 | F5: =AVERAGEIF(발전소_2026!C5:C388,"부생가스",발전소_2026!F5:F388) -> 87.3875
A6: 재생 | B6: 10 | C6: 1464 | D6: =SUMIF(발전소_2026!C5:C388,"재생",발전소_2026!E5:E388) -> 3694000 | E6: =SUMIF(발전소_2026!C5:C388,"재생",발전소_2026!H5:H388) -> 0 | F6: =AVERAGEIF(발전소_2026!C5:C388,"재생",발전소_2026!F5:F388) -> 25.004167
A7: 수소혼소 | B7: 2 | C7: 920 | D7: =SUMIF(발전소_2026!C5:C388,"수소혼소",발전소_2026!E5:E388) -> 6159000 | E7: =SUMIF(발전소_2026!C5:C388,"수소혼소",발전소_2026!H5:H388) -> 1632135 | F7: =AVERAGEIF(발전소_2026!C5:C388,"수소혼소",발전소_2026!F5:F388) -> 76.5875
A8: ESS | B8: 3 | C8: 260 | D8: =SUMIF(발전소_2026!C5:C388,"ESS",발전소_2026!E5:E388) -> 918000 | E8: =SUMIF(발전소_2026!C5:C388,"ESS",발전소_2026!H5:H388) -> 0 | F8: =AVERAGEIF(발전소_2026!C5:C388,"ESS",발전소_2026!F5:F388) -> 41.247222
A9: 전체 합계 | B9: =SUM(B4:B8) -> 32 | C9: =SUM(C4:C8) -> 10616 | D9: =SUM(D4:D8) -> 69325000 | E9: =SUM(E4:E8) -> 23740482 | F9: =AVERAGE(F4:F8) -> 62.806389
