Workbook

Sheet 거래내역_2026
A1: 💎 GLOBAL TRADING LEDGER 2026
A2: ★ Premium Trade Transaction Records — Steel · Energy · Mobility · Food · Bio ★
A4: 거래일 | B4: 거래번호 | C4: 사업부문 | D4: 제품군 | E4: 원산지 | F4: 도착지 | G4: 고객사 | H4: 거래량(톤) | I4: 단가(USD) | J4: 총액(USD) | K4: 거래유형 | L4: 담당지점 | M4: 결제조건 | N4: 영업이익률(%) | O4: 비고
A5: 2026-01-03 | B5: TR-2026-0001 | C5: 바이오 | D5: CPO 정제 | E5: 한국 | F5: 미국 | G5: Vinamilk | H5: 8927 | I5: 1102 | J5: =H5*I5 -> 9837554 | K5: 그룹사 | L5: 휴스턴 | M5: T/T 30일 | N5: 3.5 | O5: ESG 등급 A
A6: 2026-01-04 | B6: TR-2026-0002 | C6: 철강 | D6: 냉연 | E6: 중국 | F6: 베트남 | G6: Hoa Phat Group | H6: 5933 | I6: 899 | J6: =H6*I6 -> 5333767 | K6: 제3자 | L6: 이스탄불 | M6: LC 90일 | N6: 5 | O6: 프리미엄 등급
A7: 2026-01-06 | B7: TR-2026-0003 | C7: 철강 | D7: 열연 | E7: 인도 | F7: 독일 | G7: Saudi Steel | H7: 4100 | I7: 546 | J7: =H7*I7 -> 2238600 | K7: 그룹사 | L7: 방콕 | M7: T/T 즉시 | N7: 8.1 | O7: 재계약 갱신
A8: 2026-01-07 | B8: TR-2026-0004 | C8: 모빌리티 | D8: 니켈 | E8: 한국 | F8: 체코 | G8: Skoda Auto | H8: 418 | I8: 18930 | J8: =H8*I8 -> 7912740 | K8: 그룹사 | L8: 선전 | M8: T/T 45일 | N8: 9.9 | O8: 고부가 제품
A9: 2026-01-08 | B9: TR-2026-0005 | C9: 철강 | D9: 자동차강판 | E9: 일본 | F9: 태국 | G9: JSW Steel | H9: 6256 | I9: 1091 | J9: =H9*I9 -> 6825296 | K9: 그룹사 | L9: 몬테레이 | M9: LC 30일 | N9: 4.4 | O9: 고부가 제품
A10: 2026-01-10 | B10: TR-2026-0006 | C10: 철강 | D10: 전기강판 | E10: 한국 | F10: 사우디 | G10: Tesla Inc | H10: 3949 | I10: 2175 | J10: =H10*I10 -> 8589075 | K10: 제3자 | L10: 자카르타 | M10: LC 30일 | N10: 7.5 | O10: 프리미엄 등급
A11: 2026-01-11 | B11: TR-2026-0007 | C11: 모빌리티 | D11: 동박 | E11: 필리핀 | F11: 한국 | G11: LG Energy Solution | H11: 569 | I11: 18431 | J11: =H11*I11 -> 10487239 | K11: 그룹사 | L11: 프랑크푸르트 | M11: LC 90일 | N11: 13.4 | O11: 프리미엄 등급
A12: 2026-01-14 | B12: TR-2026-0008 | C12: 철강 | D12: 후판 | E12: 한국 | F12: 미국 | G12: POSCO Vietnam | H12: 4232 | I12: 742 | J12: =H12*I12 -> 3140144 | K12: 그룹사 | L12: 싱가포르 | M12: T/T 즉시 | N12: 5.2 | O12: 스팟 거래
A13: 2026-01-15 | B13: TR-2026-0009 | C13: 에너지 | D13: 석유제품 | E13: 카타르 | F13: 중국 | G13: JFE Steel | H13: 59875 | I13: 83.4 | J13: =H13*I13 -> 4993575 | K13: 그룹사 | L13: 도쿄 | M13: CIF | N13: 2.8 | O13: 그린 인증 제품
A14: 2026-01-17 | B14: TR-2026-0010 | C14: 에너지 | D14: 석유제품 | E14: 사우디 | F14: 일본 | G14: Sinopec | H14: 33885 | I14: 82.4 | J14: =H14*I14 -> 2792124 | K14: 제3자 | L14: 선릉 본사 | M14: LC 30일 | N14: 1.7 | O14: 장기 파트너
A15: 2026-01-18 | B15: TR-2026-0011 | C15: 에너지 | D15: 석유제품 | E15: 호주 | F15: 중국 | G15: GS Caltex | H15: 45436 | I15: 80.2 | J15: =H15*I15 -> 3643967.2 | K15: 그룹사 | L15: 도쿄 | M15: CIF | N15: 2.3 | O15: 장기계약 분
A16: 2026-01-24 | B16: TR-2026-0012 | C16: 철강 | D16: 후판 | E16: 일본 | F16: 터키 | G16: SUS Steel | H16: 2462 | I16: 734 | J16: =H16*I16 -> 1807108 | K16: 제3자 | L16: 이스탄불 | M16: T/T 45일 | N16: 8.5 | O16: 친환경 시리즈
... A21: 2026-02-02 | B21: TR-2026-0017 | C21: 식량 | D21: 팜오일 | E21: 아르헨티나 | F21: 한국 | G21: 농협사료 | H21: 17410 | I21: 977 | J21: =H21*I21 -> 17009570 | K21: 그룹사 | L21: 발렌시아 | M21: T/T 60일 | N21: 3.5 | O21: 고부가 제품
A22: 2026-02-05 | B22: TR-2026-0018 | C22: 에너지 | D22: LNG | E22: 싱가포르 | F22: 대만 | G22: Sinopec | H22: 41907 | I22: 12 | J22: =H22*I22 -> 502884 | K22: 그룹사 | L22: 도쿄 | M22: LC 90일 | N22: 1.9
A23: 2026-02-10 | B23: TR-2026-0019 | C23: 식량 | D23: 밀 | E23: 아르헨티나 | F23: 스페인 | G23: GASC | H23: 17485 | I23: 276 | J23: =H23*I23 -> 4825860 | K23: 그룹사 | L23: 텐진 | M23: CIF | N23: 3.6 | O23: 장기 파트너
A24: 2026-02-11 | B24: TR-2026-0020 | C24: 식량 | D24: 콩 | E24: 브라질 | F24: 중국 | G24: COFCO | H24: 18424 | I24: 449 | J24: =H24*I24 -> 8272376 | K24: 제3자 | L24: 튀니스 | M24: T/T 즉시 | N24: 4.5 | O24: ESG 등급 A
A25: 2026-02-17 | B25: TR-2026-0021 | C25: 에너지 | D25: LPG | E25: 인니 | F25: 중국 | G25: JFE Steel | H25: 46211 | I25: 622 | J25: =H25*I25 -> 28743242 | K25: 제3자 | L25: 선릉 본사 | M25: LC 90일 | N25: 2.2 | O25: 고부가 제품
A26: 2026-02-18 | B26: TR-2026-0022 | C26: 철강 | D26: 선재 | E26: 일본 | F26: 일본 | G26: SUS Steel | H26: 2899 | I26: 691 | J26: =H26*I26 -> 2003209 | K26: 제3자 | L26: 리야드 | M26: LC 60일 | N26: 4
A27: 2026-02-19 | B27: TR-2026-0023 | C27: 철강 | D27: STS | E27: 일본 | F27: 베트남 | G27: Tesla Inc | H27: 5705 | I27: 1899 | J27: =H27*I27 -> 10833795 | K27: 그룹사 | L27: 방콕 | M27: T/T 45일 | N27: 8.9 | O27: 고부가 제품
A28: 2026-02-20 | B28: TR-2026-0024 | C28: 철강 | D28: 도금강판 | E28: 인도 | F28: 말레이시아 | G28: Ternium | H28: 5500 | I28: 985 | J28: =H28*I28 -> 5417500 | K28: 그룹사 | L28: 이스탄불 | M28: LC 90일 | N28: 8.1
A29: 2026-02-21 | B29: TR-2026-0025 | C29: 철강 | D29: 자동차강판 | E29: 인도 | F29: 터키 | G29: JSW Steel | H29: 3128 | I29: 1098 | J29: =H29*I29 -> 3434544 | K29: 그룹사 | L29: 몬테레이 | M29: T/T 30일 | N29: 6.3 | O29: 신규 고객
A30: 2026-02-24 | B30: TR-2026-0026 | C30: 철강 | D30: 열연 | E30: 일본 | F30: 인도네시아 | G30: POSCO Vietnam | H30: 5669 | I30: 559 | J30: =H30*I30 -> 3168971 | K30: 그룹사 | L30: 두바이 | M30: LC 60일 | N30: 7.7 | O30: 장기 파트너
A31: 2026-02-25 | B31: TR-2026-0027 | C31: 철강 | D31: 도금강판 | E31: 일본 | F31: 독일 | G31: Saudi Steel | H31: 4449 | I31: 957 | J31: =H31*I31 -> 4257693 | K31: 그룹사 | L31: 프랑크푸르트 | M31: LC 90일 | N31: 8.9 | O31: ESG 등급 A
A32: 2026-02-26 | B32: TR-2026-0028 | C32: 철강 | D32: STS | E32: 일본 | F32: 사우디 | G32: PT.KRAKATAU STEEL | H32: 3259 | I32: 1822 | J32: =H32*I32 -> 5937898 | K32: 제3자 | L32: 쿠알라룸푸르 | M32: T/T 즉시 | N32: 4.8 | O32: ESG 등급 A
A33: 2026-03-02 | B33: TR-2026-0029 | C33: 철강 | D33: STS | E33: 일본 | F33: 미국 | G33: Tofas | H33: 4168 | I33: 1849 | J33: =H33*I33 -> 7706632 | K33: 제3자 | L33: 리야드 | M33: LC 90일 | N33: 7.1 | O33: 탄소저감 인증
A34: 2026-03-03 | B34: TR-2026-0030 | C34: 식량 | D34: 귀리 | E34: 미국 | F34: 이집트 | G34: GASC | H34: 21063 | I34: 353 | J34: =H34*I34 -> 7435239 | K34: 제3자 | L34: 카이로 | M34: T/T 30일 | N34: 4.1 | O34: ESG 등급 A
A35: 2026-03-04 | B35: TR-2026-0031 | C35: 에너지 | D35: 석유제품 | E35: 사우디 | F35: 일본 | G35: GS EPS | H35: 59558 | I35: 85.6 | J35: =H35*I35 -> 5098164.8 | K35: 제3자 | L35: 상하이 | M35: LC 30일 | N35: 2 | O35: ESG 등급 A
A36: 2026-03-06 | B36: TR-2026-0032 | C36: 철강 | D36: 냉연 | E36: 중국 | F36: 싱가포르 | G36: Saudi Steel | H36: 5511 | I36: 916 | J36: =H36*I36 -> 5048076 | K36: 그룹사 | L36: 쿠알라룸푸르 | M36: LC 60일 | N36: 8.8 | O36: 재계약 갱신
A37: 2026-03-07 | B37: TR-2026-0033 | C37: 바이오 | D37: CPO 정제 | E37: 인니 | F37: 유럽 | G37: Vinamilk | H37: 3829 | I37: 1127 | J37: =H37*I37 -> 4315283 | K37: 그룹사 | L37: 상하이 | M37: T/T 45일 | N37: 3.3 | O37: ESG 등급 A
A38: 2026-03-08 | B38: TR-2026-0034 | C38: 철강 | D38: 열연 | E38: 중국 | F38: 태국 | G38: Mitsubishi Steel | H38: 4963 | I38: 558 | J38: =H38*I38 -> 2769354 | K38: 그룹사 | L38: 자카르타 | M38: T/T 즉시 | N38: 4.6 | O38: 신규 고객
A39: 2026-03-09 | B39: TR-2026-0035 | C39: 에너지 | D39: LPG | E39: 미국 | F39: 중국 | G39: GS EPS | H39: 51629 | I39: 605 | J39: =H39*I39 -> 31235545 | K39: 그룹사 | L39: 타이베이 | M39: T/T 30일 | N39: 2.6 | O39: 친환경 시리즈
A40: 2026-03-12 | B40: TR-2026-0036 | C40: 철강 | D40: 자동차강판 | E40: 일본 | F40: 인도네시아 | G40: Mitsubishi Steel | H40: 3101 | I40: 1065 | J40: =H40*I40 -> 3302565 | K40: 그룹사 | L40: 두바이 | M40: LC 90일 | N40: 3.9 | O40: 장기계약 분
... A45: 2026-03-20 | B45: TR-2026-0041 | C45: 모빌리티 | D45: 니켈 | E45: 인니 | F45: 폴란드 | G45: SK On | H45: 643 | I45: 18934 | J45: =H45*I45 -> 12174562 | K45: 그룹사 | L45: 뮌헨 | M45: CIF | N45: 10.4 | O45: 탄소저감 인증
A46: 2026-03-21 | B46: TR-2026-0042 | C46: 철강 | D46: 자동차강판 | E46: 한국 | F46: 미국 | G46: Outokumpu | H46: 1717 | I46: 1064 | J46: =H46*I46 -> 1826888 | K46: 그룹사 | L46: 휴스턴 | M46: LC 30일 | N46: 4
A47: 2026-03-22 | B47: TR-2026-0043 | C47: 철강 | D47: 후판 | E47: 한국 | F47: UAE | G47: Outokumpu | H47: 2755 | I47: 732 | J47: =H47*I47 -> 2016660 | K47: 그룹사 | L47: 두바이 | M47: T/T 즉시 | N47: 6.1 | O47: 그린 인증 제품
A48: 2026-03-23 | B48: TR-2026-0044 | C48: 식량 | D48: 팜오일 | E48: 아르헨티나 | F48: 인도 | G48: ODC Tunisia | H48: 16011 | I48: 965 | J48: =H48*I48 -> 15450615 | K48: 제3자 | L48: 상하이 | M48: CIF | N48: 3.1 | O48: 탄소저감 인증
A49: 2026-03-24 | B49: TR-2026-0045 | C49: 철강 | D49: 전기강판 | E49: 일본 | F49: 태국 | G49: Hoa Phat Group | H49: 3290 | I49: 2177 | J49: =H49*I49 -> 7162330 | K49: 제3자 | L49: 몬테레이 | M49: T/T 30일 | N49: 3.7 | O49: 신규 고객
A50: 2026-03-26 | B50: TR-2026-0046 | C50: 철강 | D50: 도금강판 | E50: 인도 | F50: 브라질 | G50: Sembcorp Marine | H50: 6254 | I50: 951 | J50: =H50*I50 -> 5947554 | K50: 제3자 | L50: 두바이 | M50: T/T 45일 | N50: 6.8 | O50: ESG 등급 A
A51: 2026-03-29 | B51: TR-2026-0047 | C51: 에너지 | D51: 석탄 | E51: 인니 | F51: 한국 | G51: Sinopec | H51: 42984 | I51: 138 | J51: =H51*I51 -> 5931792 | K51: 그룹사 | L51: 도쿄 | M51: T/T 60일 | N51: 1.6
A52: 2026-03-30 | B52: TR-2026-0048 | C52: 철강 | D52: 선재 | E52: 중국 | F52: 베트남 | G52: Erdemir | H52: 5798 | I52: 678 | J52: =H52*I52 -> 3931044 | K52: 제3자 | L52: 휴스턴 | M52: T/T 즉시 | N52: 5.6 | O52: 전략적 거래
A53: 2026-03-31 | B53: TR-2026-0049 | C53: 모빌리티 | D53: 구동모터코아 | E53: 필리핀 | F53: 헝가리 | G53: Ultium Cells | H53: 863 | I53: 8525 | J53: =H53*I53 -> 7357075 | K53: 그룹사 | L53: 뮌헨 | M53: CIF | N53: 13.3 | O53: 장기 파트너
A54: 2026-04-01 | B54: TR-2026-0050 | C54: 에너지 | D54: 수소 | E54: 싱가포르 | F54: 한국 | G54: POSCO | H54: 29540 | I54: 4317 | J54: =H54*I54 -> 127524180 | K54: 제3자 | L54: 타이베이 | M54: LC 30일 | N54: 1.7 | O54: 정기 거래
A55: 2026-04-02 | B55: TR-2026-0051 | C55: 에너지 | D55: 수소 | E55: 싱가포르 | F55: 한국 | G55: Tokyo Gas | H55: 30336 | I55: 4554 | J55: =H55*I55 -> 138150144 | K55: 제3자 | L55: 상하이 | M55: CIF | N55: 2.4 | O55: 장기 파트너
A56: 2026-04-04 | B56: TR-2026-0052 | C56: 에너지 | D56: LNG | E56: 인니 | F56: 중국 | G56: POSCO | H56: 43205 | I56: 11.6 | J56: =H56*I56 -> 501178 | K56: 제3자 | L56: 타이베이 | M56: CIF | N56: 1.5 | O56: 친환경 시리즈
A57: 2026-04-05 | B57: TR-2026-0053 | C57: 식량 | D57: 귀리 | E57: 인니 | F57: 이집트 | G57: Sinograin | H57: 17161 | I57: 328 | J57: =H57*I57 -> 5628808 | K57: 제3자 | L57: 카이로 | M57: CIF | N57: 4.3 | O57: 장기계약 분
A58: 2026-04-06 | B58: TR-2026-0054 | C58: 모빌리티 | D58: 니켈 | E58: 호주 | F58: 헝가리 | G58: LG Chem | H58: 429 | I58: 19270 | J58: =H58*I58 -> 8266830 | K58: 그룹사 | L58: 뮌헨 | M58: T/T 45일 | N58: 10.9 | O58: 스팟 거래
A59: 2026-04-07 | B59: TR-2026-0055 | C59: 철강 | D59: 자동차강판 | E59: 한국 | F59: 미국 | G59: Hoa Phat Group | H59: 2233 | I59: 1176 | J59: =H59*I59 -> 2626008 | K59: 그룹사 | L59: 싱가포르 | M59: T/T 45일 | N59: 6.2 | O59: 장기계약 분
A60: 2026-04-10 | B60: TR-2026-0056 | C60: 식량 | D60: 쌀 | E60: 미국 | F60: 중국 | G60: 농협사료 | H60: 9893 | I60: 603 | J60: =H60*I60 -> 5965479 | K60: 제3자 | L60: 튀니스 | M60: T/T 30일 | N60: 3.2 | O60: 전략적 거래
A61: 2026-04-11 | B61: TR-2026-0057 | C61: 식량 | D61: 귀리 | E61: 우크라이나 | F61: 중국 | G61: Cargill EU | H61: 19705 | I61: 338 | J61: =H61*I61 -> 6660290 | K61: 그룹사 | L61: 카이로 | M61: LC 90일 | N61: 2.9 | O61: 탄소저감 인증
A62: 2026-04-14 | B62: TR-2026-0058 | C62: 철강 | D62: 자동차강판 | E62: 한국 | F62: 인도네시아 | G62: Tesla Inc | H62: 5820 | I62: 1090 | J62: =H62*I62 -> 6343800 | K62: 그룹사 | L62: 호치민 | M62: T/T 30일 | N62: 5.7 | O62: 스팟 거래
A63: 2026-04-16 | B63: TR-2026-0059 | C63: 바이오 | D63: CPO 정제 | E63: 말레이시아 | F63: 한국 | G63: DOW Chemical | H63: 4495 | I63: 1090 | J63: =H63*I63 -> 4899550 | K63: 제3자 | L63: 상하이 | M63: T/T 60일 | N63: 4.9 | O63: 정기 거래
... A95: 2026-06-17 | B95: TR-2026-0091 | C95: 에너지 | D95: 석유제품 | E95: 호주 | F95: 중국 | G95: Idemitsu | H95: 43688 | I95: 82.4 | J95: =H95*I95 -> 3599891.2 | K95: 그룹사 | L95: 선릉 본사 | M95: LC 30일 | N95: 1.9 | O95: 신시장 개척
A96: 2026-06-19 | B96: TR-2026-0092 | C96: 에너지 | D96: LNG | E96: 카타르 | F96: 대만 | G96: SK E&S | H96: 49435 | I96: 11.8 | J96: =H96*I96 -> 583333 | K96: 그룹사 | L96: 도쿄 | M96: T/T 즉시 | N96: 2.2
A97: 2026-06-22 | B97: TR-2026-0093 | C97: 에너지 | D97: 석유제품 | E97: 호주 | F97: 중국 | G97: Tokyo Gas | H97: 50380 | I97: 82.7 | J97: =H97*I97 -> 4166426 | K97: 그룹사 | L97: 타이베이 | M97: CIF | N97: 2.5 | O97: 신시장 개척
A98: 2026-06-23 | B98: TR-2026-0094 | C98: 모빌리티 | D98: 구동모터코아 | E98: 중국 | F98: 독일 | G98: LG Energy Solution | H98: 551 | I98: 8641 | J98: =H98*I98 -> 4761191 | K98: 그룹사 | L98: 선전 | M98: T/T 60일 | N98: 13.2 | O98: 프리미엄 등급
A99: 2026-06-24 | B99: TR-2026-0095 | C99: 철강 | D99: 후판 | E99: 한국 | F99: 싱가포르 | G99: Ternium | H99: 1928 | I99: 746 | J99: =H99*I99 -> 1438288 | K99: 그룹사 | L99: 리야드 | M99: T/T 60일 | N99: 3.7 | O99: 장기계약 분
A100: 2026-06-25 | B100: TR-2026-0096 | C100: 철강 | D100: 도금강판 | E100: 한국 | F100: 터키 | G100: PT.KRAKATAU STEEL | H100: 4962 | I100: 959 | J100: =H100*I100 -> 4758558 | K100: 그룹사 | L100: 도쿄 | M100: CIF | N100: 4.6 | O100: 친환경 시리즈
A101: 2026-06-26 | B101: TR-2026-0097 | C101: 철강 | D101: 열연 | E101: 한국 | F101: 베트남 | G101: POSCO Vietnam | H101: 5388 | I101: 552 | J101: =H101*I101 -> 2974176 | K101: 그룹사 | L101: 방콕 | M101: LC 90일 | N101: 5.7 | O101: 장기 파트너
A102: 2026-06-27 | B102: TR-2026-0098 | C102: 철강 | D102: 선재 | E102: 인도 | F102: 미국 | G102: Erdemir | H102: 3844 | I102: 683 | J102: =H102*I102 -> 2625452 | K102: 제3자 | L102: 싱가포르 | M102: T/T 60일 | N102: 5.9 | O102: 그린 인증 제품
A103: 2026-06-30 | B103: TR-2026-0099 | C103: 식량 | D103: 밀 | E103: 인니 | F103: 터키 | G103: 농협사료 | H103: 19701 | I103: 266 | J103: =H103*I103 -> 5240466 | K103: 그룹사 | L103: 텐진 | M103: T/T 45일 | N103: 4.6 | O103: 프리미엄 등급
A104: 2026-07-02 | B104: TR-2026-0100 | C104: 철강 | D104: 후판 | E104: 중국 | F104: UAE | G104: Erdemir | H104: 2148 | I104: 738 | J104: =H104*I104 -> 1585224 | K104: 그룹사 | L104: 휴스턴 | M104: T/T 30일 | N104: 4.7 | O104: 탄소저감 인증
A105: 2026-07-03 | B105: TR-2026-0101 | C105: 모빌리티 | D105: 전기강판 | E105: 중국 | F105: 멕시코 | G105: LG Energy Solution | H105: 917 | I105: 2327 | J105: =H105*I105 -> 2133859 | K105: 제3자 | L105: 서울 | M105: T/T 30일 | N105: 10 | O105: 장기 파트너
A106: 2026-07-06 | B106: TR-2026-0102 | C106: 모빌리티 | D106: 전기강판 | E106: 호주 | F106: 헝가리 | G106: Skoda Auto | H106: 703 | I106: 2236 | J106: =H106*I106 -> 1571908 | K106: 그룹사 | L106: 뮌헨 | M106: LC 60일 | N106: 10.1 | O106: 전략적 거래
A107: 2026-07-08 | B107: TR-2026-0103 | C107: 모빌리티 | D107: 니켈 | E107: 필리핀 | F107: 체코 | G107: CATL | H107: 770 | I107: 19388 | J107: =H107*I107 -> 14928760 | K107: 그룹사 | L107: 선전 | M107: LC 30일 | N107: 13.2 | O107: 친환경 시리즈
A108: 2026-07-13 | B108: TR-2026-0104 | C108: 식량 | D108: 밀 | E108: 인니 | F108: 스페인 | G108: Vinamilk | H108: 15533 | I108: 285 | J108: =H108*I108 -> 4426905 | K108: 그룹사 | L108: 발렌시아 | M108: LC 60일 | N108: 4.3 | O108: ESG 등급 A
... A113: 2026-07-24 | B113: TR-2026-0109 | C113: 에너지 | D113: 수소 | E113: 싱가포르 | F113: 한국 | G113: Idemitsu | H113: 55969 | I113: 4231 | J113: =H113*I113 -> 236804839 | K113: 그룹사 | L113: 타이베이 | M113: LC 60일 | N113: 1.6 | O113: 장기계약 분
A114: 2026-07-25 | B114: TR-2026-0110 | C114: 철강 | D114: 열연 | E114: 중국 | F114: 베트남 | G114: Mitsubishi Steel | H114: 3468 | I114: 564 | J114: =H114*I114 -> 1955952 | K114: 제3자 | L114: 방콕 | M114: LC 30일 | N114: 3.8
A115: 2026-07-28 | B115: TR-2026-0111 | C115: 에너지 | D115: 석유제품 | E115: 미국 | F115: 대만 | G115: POSCO | H115: 59592 | I115: 79.2 | J115: =H115*I115 -> 4719686.4 | K115: 그룹사 | L115: 타이베이 | M115: LC 90일 | N115: 2.1 | O115: 장기 파트너
A116: 2026-08-01 | B116: TR-2026-0112 | C116: 철강 | D116: 선재 | E116: 한국 | F116: 인도네시아 | G116: Tesla Inc | H116: 5107 | I116: 671 | J116: =H116*I116 -> 3426797 | K116: 그룹사 | L116: 싱가포르 | M116: CIF | N116: 7.4 | O116: 재계약 갱신
A117: 2026-08-05 | B117: TR-2026-0113 | C117: 철강 | D117: 열연 | E117: 인도 | F117: 브라질 | G117: Ternium | H117: 2919 | I117: 557 | J117: =H117*I117 -> 1625883 | K117: 제3자 | L117: 쿠알라룸푸르 | M117: T/T 즉시 | N117: 6.9 | O117: 신규 고객
A118: 2026-08-06 | B118: TR-2026-0114 | C118: 식량 | D118: 콩 | E118: 우크라이나 | F118: 이집트 | G118: Vinamilk | H118: 16391 | I118: 460 | J118: =H118*I118 -> 7539860 | K118: 그룹사 | L118: 뭄바이 | M118: LC 90일 | N118: 3.5 | O118: 장기 파트너
A119: 2026-08-08 | B119: TR-2026-0115 | C119: 모빌리티 | D119: 코발트 | E119: 필리핀 | F119: 헝가리 | G119: Tesla Inc | H119: 203 | I119: 33996 | J119: =H119*I119 -> 6901188 | K119: 그룹사 | L119: 오하이오 | M119: T/T 45일 | N119: 10.9
A120: 2026-08-10 | B120: TR-2026-0116 | C120: 에너지 | D120: LPG | E120: 오만 | F120: 일본 | G120: JFE Steel | H120: 40932 | I120: 610 | J120: =H120*I120 -> 24968520 | K120: 그룹사 | L120: 선릉 본사 | M120: CIF | N120: 2.5 | O120: 신규 고객
A121: 2026-08-11 | B121: TR-2026-0117 | C121: 철강 | D121: STS | E121: 한국 | F121: 미국 | G121: Erdemir | H121: 5228 | I121: 1892 | J121: =H121*I121 -> 9891376 | K121: 그룹사 | L121: 자카르타 | M121: LC 90일 | N121: 8.4 | O121: 그린 인증 제품
A122: 2026-08-12 | B122: TR-2026-0118 | C122: 식량 | D122: 밀 | E122: 인니 | F122: 필리핀 | G122: ODC Tunisia | H122: 16469 | I122: 280 | J122: =H122*I122 -> 4611320 | K122: 그룹사 | L122: 카이로 | M122: LC 90일 | N122: 3.9
A123: 2026-08-13 | B123: TR-2026-0119 | C123: 식량 | D123: 귀리 | E123: 미국 | F123: 이집트 | G123: 농협사료 | H123: 18343 | I123: 326 | J123: =H123*I123 -> 5979818 | K123: 제3자 | L123: 카이로 | M123: T/T 즉시 | N123: 4.3 | O123: 재계약 갱신
A124: 2026-08-15 | B124: TR-2026-0120 | C124: 철강 | D124: 열연 | E124: 인도 | F124: 베트남 | G124: Sembcorp Marine | H124: 2483 | I124: 556 | J124: =H124*I124 -> 1380548 | K124: 그룹사 | L124: 호치민 | M124: CIF | N124: 6.4
A125: 2026-08-16 | B125: TR-2026-0121 | C125: 모빌리티 | D125: 리튬 | E125: 인니 | F125: 중국 | G125: SK On | H125: 728 | I125: 50273 | J125: =H125*I125 -> 36598744 | K125: 제3자 | L125: 오하이오 | M125: T/T 45일 | N125: 9 | O125: 장기 파트너
A126: 2026-08-18 | B126: TR-2026-0122 | C126: 모빌리티 | D126: 동박 | E126: 중국 | F126: 중국 | G126: Skoda Auto | H126: 840 | I126: 18376 | J126: =H126*I126 -> 15435840 | K126: 그룹사 | L126: 휴스턴 | M126: CIF | N126: 13.2 | O126: 그린 인증 제품
A127: 2026-08-19 | B127: TR-2026-0123 | C127: 모빌리티 | D127: 구동모터코아 | E127: 인니 | F127: 체코 | G127: SK On | H127: 823 | I127: 8576 | J127: =H127*I127 -> 7058048 | K127: 그룹사 | L127: 프랑크푸르트 | M127: T/T 60일 | N127: 9
A128: 2026-08-20 | B128: TR-2026-0124 | C128: 에너지 | D128: LPG | E128: 호주 | F128: 한국 | G128: GS EPS | H128: 34988 | I128: 613 | J128: =H128*I128 -> 21447644 | K128: 그룹사 | L128: 도쿄 | M128: T/T 60일 | N128: 2.8 | O128: 탄소저감 인증
A129: 2026-08-21 | B129: TR-2026-0125 | C129: 식량 | D129: 밀 | E129: 인니 | F129: 스페인 | G129: Sinograin | H129: 16039 | I129: 267 | J129: =H129*I129 -> 4282413 | K129: 그룹사 | L129: 카이로 | M129: LC 30일 | N129: 3.5 | O129: 장기계약 분
A130: 2026-08-22 | B130: TR-2026-0126 | C130: 철강 | D130: 선재 | E130: 인도 | F130: 인도네시아 | G130: Hoa Phat Group | H130: 1932 | I130: 683 | J130: =H130*I130 -> 1319556 | K130: 그룹사 | L130: 두바이 | M130: LC 60일 | N130: 8.3 | O130: 전략적 거래
A131: 2026-08-23 | B131: TR-2026-0127 | C131: 철강 | D131: 자동차강판 | E131: 한국 | F131: 사우디 | G131: PT.KRAKATAU STEEL | H131: 3712 | I131: 1079 | J131: =H131*I131 -> 4005248 | K131: 그룹사 | L131: 휴스턴 | M131: T/T 45일 | N131: 7
A132: 2026-08-25 | B132: TR-2026-0128 | C132: 에너지 | D132: 수소 | E132: 사우디 | F132: 대만 | G132: Sinopec | H132: 53306 | I132: 4242 | J132: =H132*I132 -> 226124052 | K132: 제3자 | L132: 선릉 본사 | M132: LC 30일 | N132: 1.8 | O132: 신규 고객
A133: 2026-08-26 | B133: TR-2026-0129 | C133: 바이오 | D133: 팜박 | E133: 인니 | F133: 베트남 | G133: BASF SE | H133: 4781 | I133: 424 | J133: =H133*I133 -> 2027144 | K133: 제3자 | L133: 서울 | M133: LC 60일 | N133: 4.9 | O133: 정기 거래
A134: 2026-08-27 | B134: TR-2026-0130 | C134: 철강 | D134: 냉연 | E134: 인도 | F134: 인도네시아 | G134: JSW Steel | H134: 3230 | I134: 892 | J134: =H134*I134 -> 2881160 | K134: 그룹사 | L134: 방콕 | M134: LC 90일 | N134: 6.6 | O134: ESG 등급 A
A135: 2026-08-28 | B135: TR-2026-0131 | C135: 철강 | D135: 선재 | E135: 일본 | F135: UAE | G135: Saudi Steel | H135: 3360 | I135: 681 | J135: =H135*I135 -> 2288160 | K135: 제3자 | L135: 자카르타 | M135: LC 90일 | N135: 4.2 | O135: 스팟 거래
A136: 2026-08-29 | B136: TR-2026-0132 | C136: 바이오 | D136: SAF원료 | E136: 말레이시아 | F136: 중국 | G136: DOW Chemical | H136: 7505 | I136: 2009 | J136: =H136*I136 -> 15077545 | K136: 그룹사 | L136: 호치민 | M136: T/T 60일 | N136: 5.1
A137: 2026-08-30 | B137: TR-2026-0133 | C137: 모빌리티 | D137: 리튬 | E137: 인니 | F137: 중국 | G137: Tesla Inc | H137: 473 | I137: 54215 | J137: =H137*I137 -> 25643695 | K137: 제3자 | L137: 프라하 | M137: T/T 30일 | N137: 11.1 | O137: 스팟 거래
A138: 2026-09-01 | B138: TR-2026-0134 | C138: 모빌리티 | D138: 전기강판 | E138: 중국 | F138: 한국 | G138: SK On | H138: 808 | I138: 2312 | J138: =H138*I138 -> 1868096 | K138: 그룹사 | L138: 프라하 | M138: T/T 30일 | N138: 12.7 | O138: 정기 거래
A139: 2026-09-04 | B139: TR-2026-0135 | C139: 바이오 | D139: CPO 정제 | E139: 한국 | F139: 미국 | G139: 롯데웰푸드 | H139: 7325 | I139: 1089 | J139: =H139*I139 -> 7976925 | K139: 제3자 | L139: 프랑크푸르트 | M139: T/T 45일 | N139: 4.4 | O139: 고부가 제품
A140: 2026-09-05 | B140: TR-2026-0136 | C140: 모빌리티 | D140: 니켈 | E140: 호주 | F140: 독일 | G140: Foxconn Mexico | H140: 191 | I140: 18942 | J140: =H140*I140 -> 3617922 | K140: 제3자 | L140: 오하이오 | M140: T/T 즉시 | N140: 8.7 | O140: 신규 고객
A141: 2026-09-06 | B141: TR-2026-0137 | C141: 식량 | D141: 귀리 | E141: 호주 | F141: 이집트 | G141: ODC Tunisia | H141: 15612 | I141: 324 | J141: =H141*I141 -> 5058288 | K141: 그룹사 | L141: 마닐라 | M141: T/T 60일 | N141: 4 | O141: 정기 거래
A142: 2026-09-08 | B142: TR-2026-0138 | C142: 철강 | D142: STS | E142: 인도 | F142: 싱가포르 | G142: SUS Steel | H142: 1867 | I142: 1890 | J142: =H142*I142 -> 3528630 | K142: 그룹사 | L142: 이스탄불 | M142: T/T 즉시 | N142: 6 | O142: 장기 파트너
A143: 2026-09-10 | B143: TR-2026-0139 | C143: 모빌리티 | D143: 동박 | E143: 중국 | F143: 독일 | G143: LG Energy Solution | H143: 527 | I143: 18311 | J143: =H143*I143 -> 9649897 | K143: 제3자 | L143: 오하이오 | M143: T/T 60일 | N143: 11.5 | O143: 전략적 거래
A144: 2026-09-12 | B144: TR-2026-0140 | C144: 식량 | D144: 밀 | E144: 아르헨티나 | F144: 중국 | G144: Vinamilk | H144: 8728 | I144: 277 | J144: =H144*I144 -> 2417656 | K144: 제3자 | L144: 카이로 | M144: LC 90일 | N144: 4.6
...

Sheet 📊 부문별_분석
A1: 💎 사업부문별 거래 분석 (2026)
A3: 사업부문 | B3: 거래 건수 | C3: 총 거래량(톤) | D3: 총 거래액(USD) | E3: 평균 단가(USD) | F3: 평균 이익률(%)
A4: 철강 | B4: =COUNTIF(거래내역_2026!C5:C204,"철강") -> 70 | C4: =SUMIF(거래내역_2026!C5:C204,"철강",거래내역_2026!H5:H204) -> 276666 | D4: =SUMIF(거래내역_2026!C5:C204,"철강",거래내역_2026!J5:J204) -> 297645737 | E4: =AVERAGEIF(거래내역_2026!C5:C204,"철강",거래내역_2026!I5:I204) -> 1066.7571 | F4: =AVERAGEIF(거래내역_2026!C5:C204,"철강",거래내역_2026!N5:N204) -> 6.2528571
A5: 에너지 | B5: =COUNTIF(거래내역_2026!C5:C204,"에너지") -> 50 | C5: =SUMIF(거래내역_2026!C5:C204,"에너지",거래내역_2026!H5:H204) -> 2185956 | D5: =SUMIF(거래내역_2026!C5:C204,"에너지",거래내역_2026!J5:J204) -> 2.3422454e+09 | E5: =AVERAGEIF(거래내역_2026!C5:C204,"에너지",거래내역_2026!I5:I204) -> 1112.562 | F5: =AVERAGEIF(거래내역_2026!C5:C204,"에너지",거래내역_2026!N5:N204) -> 2.136
A6: 모빌리티 | B6: =COUNTIF(거래내역_2026!C5:C204,"모빌리티") -> 45 | C6: =SUMIF(거래내역_2026!C5:C204,"모빌리티",거래내역_2026!H5:H204) -> 23796 | D6: =SUMIF(거래내역_2026!C5:C204,"모빌리티",거래내역_2026!J5:J204) -> 504036563 | E6: =AVERAGEIF(거래내역_2026!C5:C204,"모빌리티",거래내역_2026!I5:I204) -> 21355.133 | F6: =AVERAGEIF(거래내역_2026!C5:C204,"모빌리티",거래내역_2026!N5:N204) -> 10.913333
A7: 식량 | B7: =COUNTIF(거래내역_2026!C5:C204,"식량") -> 25 | C7: =SUMIF(거래내역_2026!C5:C204,"식량",거래내역_2026!H5:H204) -> 390645 | D7: =SUMIF(거래내역_2026!C5:C204,"식량",거래내역_2026!J5:J204) -> 169101976 | E7: =AVERAGEIF(거래내역_2026!C5:C204,"식량",거래내역_2026!I5:I204) -> 443.88 | F7: =AVERAGEIF(거래내역_2026!C5:C204,"식량",거래내역_2026!N5:N204) -> 3.908
A8: 바이오 | B8: =COUNTIF(거래내역_2026!C5:C204,"바이오") -> 10 | C8: =SUMIF(거래내역_2026!C5:C204,"바이오",거래내역_2026!H5:H204) -> 59234 | D8: =SUMIF(거래내역_2026!C5:C204,"바이오",거래내역_2026!J5:J204) -> 86581265 | E8: =AVERAGEIF(거래내역_2026!C5:C204,"바이오",거래내역_2026!I5:I204) -> 1449 | F8: =AVERAGEIF(거래내역_2026!C5:C204,"바이오",거래내역_2026!N5:N204) -> 4.36
A9: 💎 GRAND TOTAL | B9: =SUM(B4:B8) -> 200 | C9: =SUM(C4:C8) -> 2936297 | D9: =SUM(D4:D8) -> 3.399611e+09 | E9: =AVERAGE(E4:E8) -> 5085.4665 | F9: =AVERAGE(F4:F8) -> 5.5140381
