Workbook

Sheet 해외법인_2026
A1: 👑 GLOBAL SUBSIDIARIES — 분기실적 보고서 (2026)
A2: ★ Worldwide Operations Quarterly Performance — Steel · Mobility · Energy · Resources · Food · Bio ★
A4: 기본 정보 | H4: 📈 매출 (백만원) | M4: 💰 영업이익 (백만원) | R4: 📌 추가
A5: 법인코드 | B5: 법인명 | C5: 국가 | D5: 지역 | E5: 사업부문 | F5: 지분율(%) | G5: 임직원수 | H5: Q1매출 | I5: Q2매출 | J5: Q3매출 | K5: Q4매출 | L5: 연매출 | M5: Q1영업이익 | N5: Q2영업이익 | O5: Q3영업이익 | P5: Q4영업이익 | Q5: 연영업이익 | R5: 주요제품 | S5: 투자등급
A6: PI-DE-01 | B6: POSCO INTL DEUTSCHLAND GmbH | C6: 독일 | D6: 유럽 | E6: 철강트레이딩 | F6: 100 | G6: 64 | H6: 31608 | I6: 33587 | J6: 33913 | K6: 32899 | L6: =SUM(H6:K6) -> 132007 | M6: 1683 | N6: 1765 | O6: 1902 | P6: 1725 | Q6: =SUM(M6:P6) -> 7075 | R6: STS/도금 | S6: A
A7: PI-IT-02 | B7: POSCO INTL ITALIA S.R.L | C7: 이탈리아 | D7: 유럽 | E7: 철강트레이딩 | F7: 100 | G7: 40 | H7: 60905 | I7: 73634 | J7: 65482 | K7: 78513 | L7: =SUM(H7:K7) -> 278534 | M7: 4207 | N7: 4407 | O7: 3972 | P7: 5887 | Q7: =SUM(M7:P7) -> 18473 | R7: 냉연/도금강판 | S7: A
A8: PI-JP-03 | B8: POSCO INTL JAPAN CORP | C8: 일본 | D8: 아시아 | E8: 철강트레이딩 | F8: 100 | G8: 23 | H8: 29765 | I8: 30319 | J8: 27371 | K8: 34025 | L8: =SUM(H8:K8) -> 121480 | M8: 1865 | N8: 2226 | O8: 1748 | P8: 2235 | Q8: =SUM(M8:P8) -> 8074 | R8: STS/도금 | S8: A
A9: PI-US-04 | B9: POSCO INTL AMERICA CORP | C9: 미국 | D9: 북미 | E9: 철강트레이딩 | F9: 100 | G9: 69 | H9: 56252 | I9: 59397 | J9: 57040 | K9: 58367 | L9: =SUM(H9:K9) -> 231056 | M9: 3769 | N9: 3677 | O9: 3965 | P9: 3558 | Q9: =SUM(M9:P9) -> 14969 | R9: 자동차강판/에너지강재 | S9: A+
A10: PI-MX-05 | B10: POSCO INTL MEXICO S.A. de C.V | C10: 멕시코 | D10: 중남미 | E10: 철강트레이딩 | F10: 100 | G10: 62 | H10: 87993 | I10: 85628 | J10: 83198 | K10: 93811 | L10: =SUM(H10:K10) -> 350630 | M10: 4546 | N10: 5527 | O10: 5320 | P10: 4814 | Q10: =SUM(M10:P10) -> 20207 | R10: STS/도금 | S10: A
A11: PI-SG-06 | B11: POSCO INTL SINGAPORE PTE | C11: 싱가포르 | D11: 아시아 | E11: 철강트레이딩 | F11: 51 | G11: 30 | H11: 99103 | I11: 92137 | J11: 88476 | K11: 110514 | L11: =SUM(H11:K11) -> 390230 | M11: 6357 | N11: 5998 | O11: 5933 | P11: 6590 | Q11: =SUM(M11:P11) -> 24878 | R11: 전기강판/자동차 | S11: A
A12: PI-CN-07 | B12: POSCO INTL (SHANGHAI) CO | C12: 중국 | D12: 아시아 | E12: 철강트레이딩 | F12: 100 | G12: 69 | H12: 70426 | I12: 72812 | J12: 69377 | K12: 77363 | L12: =SUM(H12:K12) -> 289978 | M12: 4747 | N12: 5266 | O12: 5056 | P12: 6169 | Q12: =SUM(M12:P12) -> 21238 | R12: 열연/냉연/후판 | S12: A
A13: PI-VN-08 | B13: POSCO INTL VIETNAM CO | C13: 베트남 | D13: 아시아 | E13: 철강트레이딩 | F13: 100 | G13: 48 | H13: 49246 | I13: 45188 | J13: 47139 | K13: 53583 | L13: =SUM(H13:K13) -> 195156 | M13: 2935 | N13: 3113 | O13: 3249 | P13: 3572 | Q13: =SUM(M13:P13) -> 12869 | R13: 전기강판/자동차 | S13: A+
A14: PI-TH-09 | B14: POSCO INTL THAILAND LTD | C14: 태국 | D14: 아시아 | E14: 철강트레이딩 | F14: 100 | G14: 30 | H14: 46057 | I14: 54986 | J14: 45574 | K14: 59308 | L14: =SUM(H14:K14) -> 205925 | M14: 2167 | N14: 2663 | O14: 2396 | P14: 2926 | Q14: =SUM(M14:P14) -> 10152 | R14: 냉연/도금강판 | S14: A
A15: PI-IN-01 | B15: POSCO INTL INDIA PVT LTD | C15: 인도 | D15: 아시아 | E15: 철강트레이딩 | F15: 100 | G15: 64 | H15: 82830 | I15: 82496 | J15: 77867 | K15: 79712 | L15: =SUM(H15:K15) -> 322905 | M15: 4618 | N15: 4850 | O15: 4808 | P15: 4326 | Q15: =SUM(M15:P15) -> 18602 | R15: 자동차강판/에너지강재 | S15: A
A16: PI-AE-02 | B16: POSCO INTL UAE LLC | C16: 아랍에미리트 | D16: 중동 | E16: 철강트레이딩 | F16: 100 | G16: 42 | H16: 33086 | I16: 35442 | J16: 31051 | K16: 35864 | L16: =SUM(H16:K16) -> 135443 | M16: 1467 | N16: 1914 | O16: 1586 | P16: 1790 | Q16: =SUM(M16:P16) -> 6757 | R16: 자동차강판/에너지강재 | S16: A
A17: PI-TR-03 | B17: POSCO INTL TURKEY | C17: 튀르키예 | D17: 유럽 | E17: 철강트레이딩 | F17: 100 | G17: 46 | H17: 88187 | I17: 89465 | J17: 96371 | K17: 103966 | L17: =SUM(H17:K17) -> 377989 | M17: 7300 | N17: 5604 | O17: 6987 | P17: 8009 | Q17: =SUM(M17:P17) -> 27900 | R17: 냉연/도금강판 | S17: A
... A125: PI-FI-03 | B125: POSCO INTL FINLAND POWER | C125: 핀란드 | D125: 유럽 | E125: 에너지 | F125: 100 | G125: 134 | H125: 45704 | I125: 56594 | J125: 52093 | K125: 61629 | L125: =SUM(H125:K125) -> 216020 | M125: -1879 | N125: -2445 | O125: -2144 | P125: -2509 | Q125: =SUM(M125:P125) -> -8977 | R125: 가스탐사/개발 | S125: A+

Sheet 🌍 지역별_요약
A1: 👑 지역별 연간 통합 실적 (2026)
A3: 지역 | B3: 법인 수 | C3: 연 매출(백만원) | D3: 연 영업이익(백만원) | E3: 영업이익률(%) | F3: 평균 임직원수
A4: 유럽 | B4: =COUNTIF(해외법인_2026!D6:D125,"유럽") -> 24 | C4: =SUMIF(해외법인_2026!D6:D125,"유럽",해외법인_2026!L6:L125) -> 3698739 | D4: =SUMIF(해외법인_2026!D6:D125,"유럽",해외법인_2026!Q6:Q125) -> 176586 | E4: =IFERROR(D4/C4,0) -> 0.047742217 | F4: =AVERAGEIF(해외법인_2026!D6:D125,"유럽",해외법인_2026!G6:G125) -> 89.333333
A5: 아시아 | B5: =COUNTIF(해외법인_2026!D6:D125,"아시아") -> 43 | C5: =SUMIF(해외법인_2026!D6:D125,"아시아",해외법인_2026!L6:L125) -> 7137075 | D5: =SUMIF(해외법인_2026!D6:D125,"아시아",해외법인_2026!Q6:Q125) -> 363723 | E5: =IFERROR(D5/C5,0) -> 0.050962474 | F5: =AVERAGEIF(해외법인_2026!D6:D125,"아시아",해외법인_2026!G6:G125) -> 143.32558
A6: 북미 | B6: =COUNTIF(해외법인_2026!D6:D125,"북미") -> 10 | C6: =SUMIF(해외법인_2026!D6:D125,"북미",해외법인_2026!L6:L125) -> 1278848 | D6: =SUMIF(해외법인_2026!D6:D125,"북미",해외법인_2026!Q6:Q125) -> 77242 | E6: =IFERROR(D6/C6,0) -> 0.060399672 | F6: =AVERAGEIF(해외법인_2026!D6:D125,"북미",해외법인_2026!G6:G125) -> 135.7
A7: 중남미 | B7: =COUNTIF(해외법인_2026!D6:D125,"중남미") -> 17 | C7: =SUMIF(해외법인_2026!D6:D125,"중남미",해외법인_2026!L6:L125) -> 2540089 | D7: =SUMIF(해외법인_2026!D6:D125,"중남미",해외법인_2026!Q6:Q125) -> 121797 | E7: =IFERROR(D7/C7,0) -> 0.047949895 | F7: =AVERAGEIF(해외법인_2026!D6:D125,"중남미",해외법인_2026!G6:G125) -> 91
A8: 중동 | B8: =COUNTIF(해외법인_2026!D6:D125,"중동") -> 10 | C8: =SUMIF(해외법인_2026!D6:D125,"중동",해외법인_2026!L6:L125) -> 1443774 | D8: =SUMIF(해외법인_2026!D6:D125,"중동",해외법인_2026!Q6:Q125) -> 60601 | E8: =IFERROR(D8/C8,0) -> 0.041974021 | F8: =AVERAGEIF(해외법인_2026!D6:D125,"중동",해외법인_2026!G6:G125) -> 121
A9: 대양주 | B9: =COUNTIF(해외법인_2026!D6:D125,"대양주") -> 9 | C9: =SUMIF(해외법인_2026!D6:D125,"대양주",해외법인_2026!L6:L125) -> 1021659 | D9: =SUMIF(해외법인_2026!D6:D125,"대양주",해외법인_2026!Q6:Q125) -> 64606 | E9: =IFERROR(D9/C9,0) -> 0.063236364 | F9: =AVERAGEIF(해외법인_2026!D6:D125,"대양주",해외법인_2026!G6:G125) -> 145.55556
A10: 아프리카 | B10: =COUNTIF(해외법인_2026!D6:D125,"아프리카") -> 7 | C10: =SUMIF(해외법인_2026!D6:D125,"아프리카",해외법인_2026!L6:L125) -> 1068009 | D10: =SUMIF(해외법인_2026!D6:D125,"아프리카",해외법인_2026!Q6:Q125) -> 68406 | E10: =IFERROR(D10/C10,0) -> 0.064050022 | F10: =AVERAGEIF(해외법인_2026!D6:D125,"아프리카",해외법인_2026!G6:G125) -> 107.42857
A11: 👑 GLOBAL TOTAL | B11: =SUM(B4:B10) -> 120 | C11: =SUM(C4:C10) -> 18188193 | D11: =SUM(D4:D10) -> 932961 | E11: =IFERROR(D11/C11,0) -> 0.05129487 | F11: =AVERAGE(F4:F10) -> 119.04901
